Year,Units,Territorio,Value
2010,Por 100.000 habitantes,ES70,0.05
2011,Por 100.000 habitantes,ES70,0.05
2012,Por 100.000 habitantes,ES70,0.0
2013,Por 100.000 habitantes,ES70,0.09
2014,Por 100.000 habitantes,ES70,0.05
2015,Por 100.000 habitantes,ES70,0.05
2016,Por 100.000 habitantes,ES70,0.05
2017,Por 100.000 habitantes,ES70,0.05
2018,Por 100.000 habitantes,ES70,0.0
2010,Por 100.000 habitantes,ES,0.15
2011,Por 100.000 habitantes,ES,0.11
2012,Por 100.000 habitantes,ES,0.12
2013,Por 100.000 habitantes,ES,0.1
2014,Por 100.000 habitantes,ES,0.06
2015,Por 100.000 habitantes,ES,0.17
2016,Por 100.000 habitantes,ES,0.12
2017,Por 100.000 habitantes,ES,0.12
2018,Por 100.000 habitantes,ES,0.22
