Indicador,Nombre
1-2-1-SERIE-A,"Proporción de personas en riesgo de pobreza relativa, considerando el umbral nacional de pobreza "
1-2-1-SERIE-B,"Proporción de personas en riesgo de pobreza relativa, considerando el umbral autonómico de pobreza"
1-2-1-SERIE-C,"Proporción de personas en riesgo de pobreza relativa con alquiler imputado, considerando el umbral nacional de pobreza"
1-2-1-SERIE-D,"Proporción de personas en riesgo de pobreza relativa con alquiler imputado, considerando el umbral autonómico de pobreza"
1-2-2-SERIE-A,"Proporción de personas en riesgo de pobreza o exclusión social: indicador AROPE, considerando el umbral nacional de pobreza"
1-2-2-SERIE-B,"Proporción de personas en riesgo de pobreza o exclusión social: indicador AROPE, considerando el umbral autonómico de pobreza"
1-2-2-SERIE-C,Proporción de personas viviendo en hogares con carencia material severa
1-2-2-SERIE-D,Proporción de personas viviendo en hogares con baja intensidad de trabajo
1-5-1-SERIE-A,Número de personas muertas directamente atribuido a desastres por cada 100.000 habitantes
2-2-2-SERIE-A,"Proporción de menores entre 2 y 17 años con obesidad, sobrepeso o peso insuficiente"
2-4-1-SERIE-A,Proporción de la superficie agrícola en que se practica una agricultura productiva y sostenible
3-1-1-SERIE-A,Tasa de mortalidad materna
3-1-2-SERIE-A,Proporción de partos atendidos por personal sanitario especializado
3-2-1-SERIE-A,Tasa de mortalidad de menores de 5 años
3-2-2-SERIE-A,Tasa de mortalidad neonatal
3-4-1-SERIE-A,Tasa de mortalidad atribuida a las enfermedades cardiovasculares
3-4-1-SERIE-B,Tasa de mortalidad atribuida al cáncer
3-4-1-SERIE-C,Tasa de mortalidad atribuida a la diabetes
3-4-1-SERIE-D,Tasa de mortalidad atribuida a las enfermedades respiratorias crónicas
3-4-2-SERIE-A,Tasa de mortalidad por suicidio
3-6-1-SERIE-A,Tasa de mortalidad por lesiones debidas a accidentes de tráfico
3-7-2-SERIE-A,Tasa de fecundidad de las adolescentes entre 10 y 14 años por cada 1.000 mujeres de ese grupo de edad
3-7-2-SERIE-B,Tasa de fecundidad de las adolescentes entre 15 y 19 años por cada 1.000 mujeres de ese grupo de edad
3-8-1-SERIE-A,Proporción de personas de 16 y más años con necesidad insatisfecha de atención médica
3-9-3-SERIE-A,Tasa de mortalidad atribuida a intoxicaciones involuntarias
3-a-1-SERIE-A,Proporción de personas de 15 y más años que fuman a diario
3-c-1-SERIE-A,Número de personas colegiadas en medicina por cada 10.000 habitantes
3-c-1-SERIE-B,Número de personas colegiadas en enfermería por cada 10.000 habitantes
3-c-1-SERIE-C,Número de personas colegiadas en odontología y estomatología por cada 10.000 habitantes
3-c-1-SERIE-D,Número de personas colegiadas en farmacia por cada 10.000 habitantes
4-3-1-SERIE-A,Proporción de personas entre 18 y 64 años que han realizado actividades educativas en los últimos 12 meses
4-3-1-SERIE-B,Proporción de personas entre 15 y 64 años que han realizado estudios o formación en las últimas cuatro semanas
4-3-1-SERIE-C,Proporción de personas entre 15 y 24 años que han realizado estudios o formación en las últimas cuatro semanas
4-3-1-SERIE-D,Proporción de personas entre 25 y 64 años que han realizado estudios o formación en las últimas cuatro semanas
4-4-1-SERIE-A,Proporción de personas entre 16 y 74 años que han utilizado alguna habilidad informática en los últimos 12 meses 
4-4-1-SERIE-B,Proporción de personas entre 16 y 24 años que han utilizado alguna habilidad informática en los últimos 12 meses 
4-4-1-SERIE-C,Proporción de personas entre 25 y 74 años  que han utilizado alguna habilidad informática en los últimos 12 meses
4-5-1-SERIE-A,Índice de paridad entre mujeres y hombres de la población entre 18 y 64 años que han realizado actividades educativas en los últimos 12 meses 
4-5-1-SERIE-B,Índice de paridad entre personas pertenecientes a hogares que se encuentran en el nivel de ingresos inferior y superior de la población entre 18 y 64 años que ha realizado actividades educativas en los últimos 12 meses
4-5-1-SERIE-C,Índice de paridad entre personas con y sin limitaciones por problemas de salud de la población entre 18 y 64 años que ha realizado actividades educativas en los últimos 12 meses
4-5-1-SERIE-D,Índice de paridad entre mujeres y hombres de la población entre 15 y 64 años que ha realizado estudios o formación en las últimas cuatro semanas 
4-5-1-SERIE-E,Índice de paridad entre personas residentes en municipios de 10.000 o menos habitantes y residentes en municipios de más de 10.000 habitantes de la población entre 15 y 64 años que ha realizado estudios o formación en las últimas cuatro semanas
5-4-1-SERIE-A,Tiempo dedicado al hogar y familia en un día promedio
5-4-1-SERIE-B,Tiempo dedicado por los hombres al hogar y familia en un día promedio
5-4-1-SERIE-C,Tiempo dedicado por las mujeres al hogar y familia en un día promedio
5-5-2-SERIE-A,Proporción de mujeres en cargos directivos
5-5-2-SERIE-B,Proporción de mujeres en alta dirección
5-a-1a-SERIE-A,"Proporción de titulares de explotaciones agrícolas, respecto al total de personas trabajadoras en la agricultura"
5-a-1a-SERIE-B,"Proporción de hombres titulares de explotaciones agrícolas, respecto al total de hombres trabajadores en la agricultura"
5-a-1a-SERIE-C,"Proporción de mujeres titulares de explotaciones agrícolas, respecto al total de mujeres trabajadoras en la agricultura"
5-a-1b-SERIE-A,"Proporción de mujeres titulares de explotaciones agrícolas, respecto al total de titulares de explotaciones agrícolas"
5-a-1b-SERIE-B,"Proporción de mujeres titulares de explotaciones agrícolas en propiedad, respecto al total de titulares de explotaciones agrícolas en propiedad"
5-a-1b-SERIE-C,"Proporción de mujeres titulares de explotaciones agrícolas en arrendamiento, respecto al total de titulares de explotaciones agrícolas en arrendamiento"
5-b-1-SERIE-A,Proporción de personas entre 16 y 74 años que han usado el móvil en los últimos tres meses
5-b-1-SERIE-B,Proporción de hombres entre 16 y 74 años que han usado el móvil en los últimos tres meses
5-b-1-SERIE-C,Proporción de mujeres entre 16 y 74 años que han usado el móvil en los últimos tres meses
8-1-1-SERIE-A,Tasa de crecimiento anual del PIB real per cápita
8-2-1-SERIE-A,Tasa de crecimiento anual del PIB real por persona empleada
8-2-1-SERIE-B,Tasa de crecimiento anual del PIB real por hora trabajada
8-5-1-SERIE-A,Ingreso medio por hora de trabajo
8-5-1-SERIE-B,Ingreso medio por hora de trabajo de los hombres
8-5-1-SERIE-C,Ingreso medio por hora de trabajo de las mujeres
8-5-2-SERIE-A,Tasa de desempleo
8-5-2-SERIE-B,Tasa de desempleo de hombres
8-5-2-SERIE-C,Tasa de desempleo de mujeres
8-6-1-SERIE-A,"Proporción de jóvenes entre 15 y 24 años que no cursan estudios, no están empleados ni reciben formación"
9-2-1-SERIE-B,Valor añadido del sector manufacturero per cápita
9-2-1-SERIE-A,Valor añadido del sector manufacturero en proporción al PIB
9-2-2-SERIE-A,Proporción de personas ocupadas en el sector manufacturero
9-2-2-SERIE-B,Empleo del sector manufacturero en proporción al empleo total (personas empleadas)
9-2-2-SERIE-C,Empleo del sector manufacturero en proporción al empleo total (horas trabajadas)
9-4-1-SERIE-A,Emisiones de CO2 de las unidades residentes por unidad de PIB
9-4-1-SERIE-B,Emisiones de CO2 de las unidades residentes por unidad de valor añadido del sector manufacturero
9-5-1-SERIE-A,Gastos en investigación y desarrollo en proporción al PIB
9-5-2-SERIE-A,Número de personas investigadoras (en equivalente a tiempo completo) por cada millón de habitantes
10-1-1-SERIE-A,Tasa de crecimiento per cápita de los gastos de los hogares del 40% más pobre de la población
10-1-1-SERIE-B,Tasa de crecimiento per cápita de los gastos de los hogares de la población total
10-1-1-SERIE-C,Tasa de crecimiento per cápita de los ingresos de los hogares del 40% más pobre de la población
10-1-1-SERIE-D,Tasa de crecimiento per cápita de los ingresos de los hogares de la población total
10-2-1-SERIE-A,"Proporción de personas que viven por debajo del 50% de la mediana de los ingresos, considerando la mediana nacional"
10-2-1-SERIE-B,"Proporción de personas que viven por debajo del 50% de la mediana de los ingresos, considerando la mediana autonómica"
10-4-1-SERIE-A,Proporción del PIB generada por el trabajo asalariado
11-1-1-SERIE-A,Proporción de personas que viven en hogares con determinadas deficiencias en la vivienda
11-5-1-SERIE-A,Número de personas muertas directamente atribuido a desastres por cada 100.000 habitantes
11-6-1-SERIE-A,Residuos urbanos recogidos per cápita
11-6-1-SERIE-B,Proporción de residuos municipales incinerados en relación al total de residuos municipales generados y tratados
11-6-1-SERIE-C,Proporción de residuos municipales vertidos en relación al total de residuos municipales generados y tratados
11-6-1-SERIE-D,Proporción de residuos municipales reciclados en relación al total de residuos municipales generados y tratados
12-5-1-SERIE-A,Residuos urbanos recogidos per cápita y día
13-1-1-SERIE-A,Número de personas muertas directamente atribuido a desastres por cada 100.000 habitantes
13-2-2-SERIE-A,Emisiones totales de gases de efecto invernadero de las unidades residentes por unidad de PIB
13-2-2-SERIE-B,Emisiones totales de gases de efecto invernadero de las unidades residentes per cápita
16-1-4-SERIE-A,Proporción de personas de 16 años y más que se sienten seguras al caminar solas en su zona de residencia
17-1-1-SERIE-A,Total de ingresos de las Administraciones Públicas Autonómicas y Locales en proporción al PIB 
17-8-1-SERIE-A,Proporción de personas entre 16 y 74 años que han utilizado Internet en los últimos tres meses
